USE COMPANY

DELETE FROM DEPARTMENT
DELETE FROM EMPLOYEE
DELETE FROM SALARY_GRADE

INSERT INTO DEPARTMENT(ID, NAME, CITY) VALUES (1, 'Sun', 'Lviv')
INSERT INTO DEPARTMENT(ID, NAME, CITY) VALUES (2, 'Moon', 'Kiyv')
INSERT INTO DEPARTMENT(ID, NAME, CITY) VALUES (3, 'Saturn', 'Lviv')
INSERT INTO DEPARTMENT(ID, NAME, CITY) VALUES (4, 'Mars', 'Rivne')

INSERT INTO EMPLOYEE (ID, FIRSTNAME, LASTNAME, POSITION, DATE_EMPLOYMENT, ID_DEPARTMENT, ID_BOSS, RATE, BONUS) 
	VALUES (1, 'John', 'Versachee', 'Boss', '10/11/1998', 1, NULL, 8600, NULL)
INSERT INTO EMPLOYEE (ID, FIRSTNAME, LASTNAME, POSITION, DATE_EMPLOYMENT, ID_DEPARTMENT, ID_BOSS, RATE, BONUS) 
	VALUES (2, 'Andrew', 'Talansky', 'Manager', '03/09/2011', 1, 1, 5400, NULL)
INSERT INTO EMPLOYEE (ID, FIRSTNAME, LASTNAME, POSITION, DATE_EMPLOYMENT, ID_DEPARTMENT, ID_BOSS, RATE, BONUS) 
	VALUES (3, 'Dayneris', 'Targarien', 'Manager', '04/15/2008', 2, 1, 4800, NULL)
INSERT INTO EMPLOYEE (ID, FIRSTNAME, LASTNAME, POSITION, DATE_EMPLOYMENT, ID_DEPARTMENT, ID_BOSS, RATE, BONUS) 
	VALUES (4, 'Margery', 'Tyrell', 'Manager', '11/25/2010', 3, 1, 6000, NULL)
INSERT INTO EMPLOYEE (ID, FIRSTNAME, LASTNAME, POSITION, DATE_EMPLOYMENT, ID_DEPARTMENT, ID_BOSS, RATE, BONUS) 
	VALUES (5, 'Serseya', 'Bareteon', 'Manager', '06/22/2015', NULL, 1, 4900, NULL)
INSERT INTO EMPLOYEE (ID, FIRSTNAME, LASTNAME, POSITION, DATE_EMPLOYMENT, ID_DEPARTMENT, ID_BOSS, RATE, BONUS) 
	VALUES (6, 'Jon', 'Snow', 'Seller', '04/11/2006', 1, 2, 3500, 360)
INSERT INTO EMPLOYEE (ID, FIRSTNAME, LASTNAME, POSITION, DATE_EMPLOYMENT, ID_DEPARTMENT, ID_BOSS, RATE, BONUS) 
	VALUES (7, 'Rob', 'Stark', 'Seller', '04/14/2004', 1, 2, 3200, 390)
INSERT INTO EMPLOYEE (ID, FIRSTNAME, LASTNAME, POSITION, DATE_EMPLOYMENT, ID_DEPARTMENT, ID_BOSS, RATE, BONUS) 
	VALUES (8, 'Brun', 'Stark', 'Seller', '09/28/1996', 1, 2, 2500, 450)
INSERT INTO EMPLOYEE (ID, FIRSTNAME, LASTNAME, POSITION, DATE_EMPLOYMENT, ID_DEPARTMENT, ID_BOSS, RATE, BONUS) 
	VALUES (9, 'Sam', 'Tarley', 'Seller', '10/01/2015', 1, 2, 2200, 500)
INSERT INTO EMPLOYEE (ID, FIRSTNAME, LASTNAME, POSITION, DATE_EMPLOYMENT, ID_DEPARTMENT, ID_BOSS, RATE, BONUS) 
	VALUES (10, 'Sansa', 'Stark', 'Seller', '01/05/2003', 1, 2, 3400, 420)
INSERT INTO EMPLOYEE (ID, FIRSTNAME, LASTNAME, POSITION, DATE_EMPLOYMENT, ID_DEPARTMENT, ID_BOSS, RATE, BONUS) 
	VALUES (11, 'Aria', 'Stark', 'Seller', '07/17/2015', 2, 3, 2800, 380)
INSERT INTO EMPLOYEE (ID, FIRSTNAME, LASTNAME, POSITION, DATE_EMPLOYMENT, ID_DEPARTMENT, ID_BOSS, RATE, BONUS) 
	VALUES (12, 'Jaime', 'Lanister', 'Seller', '10/03/2012', 2, 3, 2800, 400)
INSERT INTO EMPLOYEE (ID, FIRSTNAME, LASTNAME, POSITION, DATE_EMPLOYMENT, ID_DEPARTMENT, ID_BOSS, RATE, BONUS) 
	VALUES (13, 'Lion', 'Lanister', 'Seller', '08/24/2001', 2, 3, 3200, 480)
INSERT INTO EMPLOYEE (ID, FIRSTNAME, LASTNAME, POSITION, DATE_EMPLOYMENT, ID_DEPARTMENT, ID_BOSS, RATE, BONUS) 
	VALUES (14, 'Tyrion', 'Lanister', 'Seller', '08/30/2009', 3, 4, 3500, 390)
INSERT INTO EMPLOYEE (ID, FIRSTNAME, LASTNAME, POSITION, DATE_EMPLOYMENT, ID_DEPARTMENT, ID_BOSS, RATE, BONUS) 
	VALUES (15, 'Daredevil', 'Marvel', 'Seller', '09/18/2013', 3, 4, 3500, 500)
INSERT INTO EMPLOYEE (ID, FIRSTNAME, LASTNAME, POSITION, DATE_EMPLOYMENT, ID_DEPARTMENT, ID_BOSS, RATE, BONUS) 
	VALUES (16, 'Tony', 'Stark', 'Seller', '05/11/2000', 3, 4, 2200, 550)
INSERT INTO EMPLOYEE (ID, FIRSTNAME, LASTNAME, POSITION, DATE_EMPLOYMENT, ID_DEPARTMENT, ID_BOSS, RATE, BONUS) 
	VALUES (17, 'Kevin', 'Spacey', 'Seller', '10/07/2014', 1, 2, 3200, 400)
INSERT INTO EMPLOYEE (ID, FIRSTNAME, LASTNAME, POSITION, DATE_EMPLOYMENT, ID_DEPARTMENT, ID_BOSS, RATE, BONUS) 
	VALUES (18, 'Frank', 'Underwood', 'Consultant', '12/02/2003', 2, 3, 3200, NULL)
INSERT INTO EMPLOYEE (ID, FIRSTNAME, LASTNAME, POSITION, DATE_EMPLOYMENT, ID_DEPARTMENT, ID_BOSS, RATE, BONUS) 
	VALUES (19, 'Donald', 'Trump', 'Consultant', '01/09/2003', 1, 2, 2500, NULL)
INSERT INTO EMPLOYEE (ID, FIRSTNAME, LASTNAME, POSITION, DATE_EMPLOYMENT, ID_DEPARTMENT, ID_BOSS, RATE, BONUS) 
	VALUES (20, 'Kevin', 'Mccalister', 'Consultant', '08/16/1999', 3, 4, 2500, NULL)
INSERT INTO EMPLOYEE (ID, FIRSTNAME, LASTNAME, POSITION, DATE_EMPLOYMENT, ID_DEPARTMENT, ID_BOSS, RATE, BONUS) 
	VALUES (21, 'Peter', 'Schmeichel', 'Consultant', '03/11/2015', 2, 3, 3200, NULL)

INSERT INTO SALARY_GRADE (ID, LOW_SALARY, HIGH_SALARY) VALUES (1, 6000, 9000)
INSERT INTO SALARY_GRADE (ID, LOW_SALARY, HIGH_SALARY) VALUES (2, 3000, 5999)
INSERT INTO SALARY_GRADE (ID, LOW_SALARY, HIGH_SALARY) VALUES (3, 1001, 2999)
INSERT INTO SALARY_GRADE (ID, LOW_SALARY, HIGH_SALARY) VALUES (4, 0, 1000)